<?xml version="1.0" encoding="UTF-8" standalone="yes"?>
<addon id="repository.schlameel" name="Schlameel Repository" version="1.0.1" provider-name="schlameel">
	<extension point="xbmc.addon.repository" name="Schlameel Addons">
		<info compressed="false">http://github.com/schlameel/xbmc-youtube-linked/raw/master/addons.xml</info>
		<checksum>http://github.com/schlameel/xbmc-youtube-linked/raw/master/addons.xml.md5</checksum>
		<datadir zip="true">http://github.com/schlameel/xbmc-youtube-linked/raw/master</datadir>
	</extension>
	<extension point="xbmc.addon.metadata">
		<summary>Schlameel&apos;s Addons</summary>
		<description>This repository is for sharing developed and enhanced addons.  Currenly used to share the YouTube Linked Resources enhancement.</description>
		<platform>all</platform>
	</extension>
</addon>
